Timestamp,Enter your display name:,Movie 1,Movie 2,Movie 3,Movie 4,Movie 5,Movie 6,Movie 7,Movie 8,Movie 9,Movie 10
3/29/2026 10:22:10,Rush,Your Name,Avengers Endgame,Harry Potter,Spiderman,Past Lives,Toy Story 3,Hunger Games,Knives Out,Interstellar,La la land
3/29/2026 10:45:19,Ankit,Wolf of wall street,Project X,21 Jump Street,Cars,,,,,,
3/29/2026 10:47:40,Jonathan Sweet,Interstellar,Earth to Echo,The Dark Knight,Inception,Shutter Island,No Country for Old Men,Paranormal Activity,Scott Pilgrim vs The World,Dune Part 2,Good Will Hunting
3/29/2026 10:48:11,Zachary Rogers,Spider-Man: Into the Spiderverse,Spider-Man: Across the Spiderverse,Project Hail Mary,The Owl House Specials,Ratatouille,Wall-e,,,,
3/29/2026 10:48:54,Joshua N ,Spider-Man ,Sinners ,Bad guys ,,,,,,,
3/29/2026 10:49:03,Jess,Bugonia,Midsommar,The Proposal,Goat,Spider Man No Way Home,Diary of A Wimpy Kid,Deadpool & Wolverine,Deadpool 2,The Emoji Movie,Rio
3/29/2026 10:49:52,Andrei Balas,The Lord of the Rings,My Cousin Vinny,Batman the Dark Knight,Harry Potter ,The Hobbit,Dune Part II,Avatar,Star Wars,A Few Good Men,Minions
3/29/2026 10:49:58,Grant Binder,Water boy,Happy Gilmore,Billy Madison,That’s my boy,Rush Hour,Spider-Man No way home,Ironman,Ironman 2,Anchorman,Ace Ventura: Pet detective
3/29/2026 10:50:00,Siri,Sherk 2,Interstellar,Little Women (2019),Spider-man Homecoming ,,,,,,
3/29/2026 10:50:11,Priyanshu Singh,Project Hail Mary,Interstellar ,Passenger ,Housemaid ,Anyone but you,The Christmas Prince ,Cars,Planes,F1,Cars 3
3/29/2026 10:50:14,Aviv,How to train your dragon,A silent voice,The great gatsby,Gladiator,Spider man homecoming,Frozen,Moana,The Hunger Games,Harry Potter,Deadpool and Wolverine
3/29/2026 10:50:25,Dustin,Superbad,Scott Pilgrim Vs. The World,Wayne's World,Office Space,Forrest Gump,Pulp Fiction,Empire Strikes Back,Pitch Perfect,Juno,Fight Club
3/29/2026 10:50:25,Tag,Star Wars,Top Gun,Spirited Away,The Matrix,John Wick,Inception,The Dark Knight,Harry Potter,Oppenheimer,Mission Impossible
3/29/2026 10:50:34,MR,Frozen,Frozen 2,Finding Nemo,Harry Potter,Hunger Games,Spiderman,Dhurandhar,Dhurandhar 2,,
3/29/2026 10:50:37,Kabir Anand,Top Gun,Top Gun Maverick,Project Hail Mary,James Bond,Blind Side,Avatar,The Godfather,Interstellar,Inception,Safety
3/29/2026 10:50:38,Rahas Sachdeva,Avengers ,Spider-Man ,Top Gun: Maverick ,Incredibles,Toy Story ,Cars,Iron man,Terminator 2,Cars 2,Superman 
3/29/2026 10:50:39,RJ,Fight Club,Superman,Spiderman,Iron Man,Revenge of the Sith,Incredibles,Toy Story,Cars 3,Top Gun,Terminator 2
3/29/2026 10:50:40,Marlowe,Knives Out,Avengers Endgame,Avengers Infinity War,Sinners,Spiderman No Way Home,Tangled ,Mulan,Lion King,Marty Supreme,Clueless 
3/29/2026 10:50:40,Neya,Black Swan,Harold and Kumar go to White Castle,Mysterious Skin,Uptown Girls,Perfect Blue,Eternal Sunshine of the Spotless Mind,,,,
3/29/2026 10:50:43,Ella,Interstellar ,Sinners,The hunger games,Clueless,Lion king,Mulan,Marty Supreme,Spider-Man no way home,Avengers end game ,Avengers infinity war 
3/29/2026 10:50:44,Elin Cooper ,Project Hail Mary ,Oppenheimer,Memento,Brokeback Mountain,Barbie,Ladybird ,Maze Runner ,,,
3/29/2026 10:50:45,Dayanidi,Jurassic park 3,2 fast 2 furious,Fight club,Good burger,21 jump street,Mission impossible,,Up,Interstellar,Shrey 1
3/29/2026 10:50:45,Owen,Terminator 2,Wargames,Bill & Ted’s Excellent Adventure,Interstellar,Cars,Endgame,Topgun ,Sicario ,American Sniper,Knives Out
3/29/2026 10:50:47,Nate,Wreck it ralph,,,,,,,,,
3/29/2026 10:50:48,Dayanandh Saravanan,Interstellar,Fight club,2 fast 2 furious,Batman begins,The lego movie,Despicable me,Up,Harry potter,Shrek 1,Avengers Endgame
3/29/2026 10:50:49,Jaden Li,Everything Everywhere All at Once,Spider-Man: Into the Spider-Verse,Whiplash,Mission Impossible: Ghost Protocol,Ratatouille,Wall-E,Inception,,,
3/29/2026 10:50:49,Enzo,Gladiator ,Interstellar,Planet of apes ,F1 the movie,Transformers,King Kong,Godzilla,Avengers end game,Blade Runner ,Dune
3/29/2026 10:50:50,Jay,Sinners,Into the Spiderverse,Across the Spiderverse,Scott Pilgrim,Megamind,Home Alone,Labyrinth ,Midsommar ,Hereditary,Star Wars
3/29/2026 10:50:50,Jared,White Chicks,Star Wars ,Transformers ,Lord of the Rings,John Wicks ,Angry Birds ,Disciple Me,Minions ,Iron Man,21 Jump Street 
3/29/2026 10:50:52,Charlie,Whiplash,Sleepless in Seattle,When Harry Met Sally,Brokeback Mountain,Fantastic Mr Fox,Ratatouille,,,,
3/29/2026 10:50:53,Eliza ,Cheaper by the Dozen,The Greatest Showman,Wicked ,The Notebook,Pitch Perfect ,Tangled,Beaty and the Beast,Shrek,Toy Story,Toy Story 2
3/29/2026 10:50:55,Tanushka,The holdovers,There will be blood,Stand by me,The son,Avatar 3,Weathering with you,Your name,The shining,Mulan,Our neighbor totoro
3/29/2026 10:50:55,Zack Woloszynski,Everything Everywhere All At Once,Blade Runner 2049,Interstellar,Inception ,Dune 2,Endgame ,Project Hail Mary,Dune,Minecraft Movie,Transformers 
3/29/2026 10:50:55,Charlotte Ng,The Shining,Coraline,FNAF,Back to the future,Howls Moving Castle,Totoro,Weathering with you,Shrek,Cars,Your name
3/29/2026 10:50:55,Vedant Kulkarni,The Pursuit of Happyness,Good Will Hunting,Interstellar,The Shawshank Redemption,The Godfather,Top Gun,Blindside,Avengers Endgame,Top Gun Maverick,
3/29/2026 10:50:57,Julia,The Hunger Games,Divergent,10 Things I Hate About You,How to Lose a Guy in 10 Days,The Mazerunner,27 Dresses,Clueless,Legally Blonde,Mean Girls,Interstellar
3/29/2026 10:50:57,Lawrence,Avengers: Endgame,Dune,Oppenheimer,Interstellar,Inception,The Minecraft Movie,,,,
3/29/2026 10:50:57,Sarita Lee ,Atlantis the lost empire ,Treasure planet ,Hunger games ,Tarzan,Mulan ,Raya and the last dragon ,Mulan ,Zootopia ,Cinderella ,Moanan
3/29/2026 10:50:58,Brodie Flaherty,Good Will Hunting,Interstellar,Ford v Ferrari,Miracle On Ice,Cars 2,,,,,
3/29/2026 10:50:59,Renata,Mean Girls,Legally Blonde,Hail Mary,Zootopia 2,Avatar,Cars,The Hunger Games,Harry Potter,Mulan,Cinderella
3/29/2026 10:51:03,Ryan ,Passenger ,Independence day,Ted 1 ,Ted 2,Cocaine bear ,The bee movie ,Ratatouille ,Cars,Cars 2,Cars 3
3/29/2026 10:51:03,Enzo Markarian,Up,Incredibles,Incredibles 2,Catch me if you can,Harry Potter,Shrek 1,Shrek 2,,,
3/29/2026 10:51:03,Vennela Mandava,Interstellar,The Martian,Inception ,Mulan,Hunger Games,Harry Potter,Passenger,,,
3/29/2026 10:51:03,Maria,Tiana ,Mulan,Avatar ,Mean girls ,Cars ,Moana ,,,,
3/29/2026 10:51:03,Matthew ,Catch me if you can,Shreck 1 ,Up,Shreck 2,Shreck 3,,,,,
3/29/2026 10:51:08,Reid ,Step Brothers ,The Dark Night ,Project Hail Mary ,Good will hunting ,Star Wars ,Spider man ,Harry Potter ,Avatar,Ironman ,Cars 
3/29/2026 10:51:09,Isabella,Knives Out,Dead Poets Society,Sinners,The Hunger Games,The Maze Runner,27 Dresses,10 Things I Hate About You,How to lose a guy in 10 days,Clueless,War Games
3/29/2026 10:51:12,Grace,Matilda,K-Pop Demon Hunters,Spider-Man: Into the Spider-Verse,Interstellar,War Games,Spider-Man: No Way Home,Shrek 2 ,Dune,Dune II,Spirited Away
3/29/2026 10:51:12,Jessica P,Frankenstein ,Mean girls ,Legally Blonde,Mulan,Cinderella,Cars,Zootopia,Tiana ,Moana,Clueless
3/29/2026 10:51:13,Alex,Limitless,Hangover 1,Hangover 2,Fight club,Hangover 3,Top gun,Jumanjii,Wolf of wall street,,
3/29/2026 10:51:13,Jake,Harry Potter,Star Wars,,,,,,,,
3/29/2026 10:51:13,Sagar,Night School,Harry Potter and the Deathly Hallows Pt.2,Oppenheimer ,Interstellar ,Spiderman,,,,,
3/29/2026 10:51:14,Praneel,Harry Potter and the Prisoner of Azkaban,3 Idiots,Shrek,Up,Shrek 2,Harry Potter and the Deathly Hallows Part 2,,,,
3/29/2026 10:51:16,Aidan,Avengers: Endgame,Spider Man No Way Home,Star Wars A New Hope,Deadpool and Wolverine,Top Gun,,,,,
3/29/2026 10:51:17,Salome,Interstellar,The Maze Runner,Dead Poets,The Great Gatsby,The Hunger Games,27 Dresses,Instructions Not Included,Despicable Me,Love story,A knights tale
3/29/2026 10:51:20,Kareena,Beauty and the Beast,Twisters,Aladdin ,Shrek,Cinderella ,Harry Potter,Wicked,Toy story,brave,frozen 
3/29/2026 10:51:30,Daniel,John Wick,Despicable Me,Avatar,Doctor Strange,Spider-Man: Into the Spiderverse,Superbad,Incredibles,Shrek,Harry Potter,Ted
3/29/2026 10:51:33,Nikki Saraceni,Clueless,10 Things I Hate About You,War Games,Karate Kid,Mean Girls,The Great Gatsby,About Time,Spider-Man,Star Wars: The Force Awakens,Toy Story
3/29/2026 10:51:56,Nived Narendran,Interstellar,Oppenheimer,Cars,Harry Potter,Se7en,Momento,Inception,The Dark Knight,Hangover,Fast and Furious
3/29/2026 10:51:57,Abhinav,Fightclub,Nightcrawler,Good Will Hunting,The Amazing Spiderman,Project Hail Mary ,Avengers endgame ,Interstellar,Dumb and Dumber,Eurotrip,Smile 2
3/29/2026 10:53:01,Wyatt O,Project Hail Mary,Harry Potter,Interstellar ,The Minecraft Movie,Dune,Avengers Endgame ,Transformers ,Star Wars,Inception,Scream
3/29/2026 10:54:53,ashley,inside out,barbie,wall-e,zootopia,up,spirited away,,,,
3/29/2026 10:57:43,zack w,Eternal Subshine of the Spotless Mind,Everything Everywhete All At Once,Inception ,Interstellar,Blade Runner 2049,Dune 2,Spirited Away,Dune,Dark Knight,Howls Moving Castle